Gunstar Heroes;Mega Drive
Sonic The Hedgehog;Mega Drive
Sonic The Hedgehog 2;Mega Drive
Phantasy Star;Mega Drive
Beyond Oasis;Mega Drive
Phantasy Star 2;Mega Drive
Shining Force;Mega Drive
Quackshot;Mega Drive
Contra Hardcorps;Mega Drive
Landstalker;Mega Drive
Shinobi 3;Mega Drive
Streets Of Rage;Mega Drive
Streets Of Rage 2;Mega Drive
Streets Of Rage 3;Mega Drive
El Viento;Mega Drive
Golden Axe;Mega Drive
Golden Axe 2;Mega Drive
Golden Axe 3;Mega Drive
Castlevania: Bloodlines;Mega Drive
Pulseman;Mega Drive
Shining Force 2;Mega Drive
Phantasy Star 3;Mega Drive
Phantasy Star 4;Mega Drive
Castle Of Illusion;Mega Drive
Mickey Mania;Mega Drive
World Of Illusion;Mega Drive
Contra 3;Snes
Donkey Kong Country;Snes
Chrono Trigger;Snes
Mother;Snes
Megaman 7;Snes
Mega Man And Forte;Snes
Megaman X;Snes
Donkey Kong Country 2;Snes
Donkey Kong Country 3;Snes
Demons Crest;Snes
Evo;Snes
Mario Rpg The Legend Of The Seven Stars;Snes
Megaman X 2;Snes
Megaman X 3;Snes
Golden Sun;Game Boy Advanced
Zelda Minish Cap;Game Boy Advanced
Metroid Fusion;Game Boy Advanced
Final Fantasy Tactics Advanced;Game Boy Advanced
Fire Emblem;Game Boy Advanced
Mario Luigi Superstar Saga;Game Boy Advanced
Advance Wars;Game Boy Advanced
Boktai;Game Boy Advanced
Mega Man Zero;Game Boy Advanced
Sonic Advance;Game Boy Advanced
Catlevania Aria Of Sorrow;Game Boy Advanced
Castlevania Circle Of The Moon;Game Boy Advanced
Castlevania Harmony Of Dissonance;Game Boy Advanced
Advance Wars 2: Black Hole Rising;Game Boy Advanced
Advance Wars 3: Dual Strike;Game Boy Advanced
Paper Mario;Nintendo 64
Super Mario 64;Nintendo 64
Star Fox;Nintendo 64
Star Wars Rogue Squadron;Nintendo 64
Banjo Kazooie ;Nintendo 64
Banjo Tooie;Nintendo 64
Jet Force Gemini;Nintendo 64
Vagrant Story;Playstation
Einhander;Playstation
Chrono Cross;Playstation
Parasite Eve;Playstation
Parasite Eve 2;Playstation
Breath Of Fire Iv;Playstation
Final Fantasy Ix;Playstation
Suikoden;Playstation
Suikoden 2;Playstation
Klonoa;Playstation
Legend Of Dragoon;Playstation
Panzer Bandit;Playstation
Tomba ;Playstation
Tomba 2;Playstation
Silhouette Mirage;Playstation
Hercs Adventures;Playstation
Nights Into Dreams;Sega Saturn
Guardian Heroes;Sega Saturn
Shining Force 3;Sega Saturn
Rayearth;Sega Saturn
Panzer Dragon Saga;Sega Saturn
Radiant  Silvergun;Sega Saturn
Panzer Dragon 2;Sega Saturn
Panzer Dragon;Sega Saturn
Albert Odissey;Sega Saturn
Dark Savior;Sega Saturn
Legend Of Oasys;Sega Saturn
Shining The Holy Ark;Sega Saturn
Burning Rangers;Sega Saturn
Fighters Megamix;Sega Saturn
Lumines;Playstation Portable
Metal Gear Solid Peace Walker;Playstation Portable
Final Fantasy Tactics War Of Hte Lions;Playstation Portable
Joan Of Arc;Playstation Portable
Disgaea;Playstation Portable
Patapon;Playstation Portable
Locco Rocco;Playstation Portable
Crisis Core Final Fantasy 7;Playstation Portable
Gitaroo Man;Playstation Portable
Mega Man Powered Up;Playstation Portable
Lumines 2;Playstation Portable
Monster Hunter Freedom Unite 2;Playstation Portable
Castlevania Dracula X Chronicles;Playstation Portable
Valkirie Profile Lenneth;Playstation Portable
Shin Megami Tensei Persona 3;Playstation Portable
Half Minute Heroes;Playstation Portable
The Legend Of Heroes Trails In The Sky;Playstation Portable
Corpse Party;Playstation Portable
Cladun;Playstation Portable
Pangya Fantasy Golf;Playstation Portable
Z.H.P. Unlosing Ranger Vs Darkdeath Evilman;Playstation Portable
Mega Man Maverick Hunter X;Playstation Portable
Dissidia: Final Fantasy;Playstation Portable
Kingdom Hearts: Birth By Sleep;Playstation Portable
Ratchet & Clank: Size Matters;Playstation Portable
Patapon 2;Playstation Portable
Daxter;Playstation Portable
Locoroco 2;Playstation Portable
Tactics Ogre: Let Us Cling Together;Playstation Portable
Parasite Eve The Third Birthday;Playstation Portable
Rhythm Heaven;Nintendo Ds
Castlevania Portrait Of Ruin;Nintendo Ds
Phoenix Wright Ace Attorney;Nintendo Ds
Legend Of Zelda Spirit Tracks;Nintendo Ds
Fire Emblem Shadow Dragon;Nintendo Ds
Advance Wars Dual Strike;Nintendo Ds
Professor Layton And The Curious Village;Nintendo Ds
Castlevania Order Of Ecclesia;Nintendo Ds
Elite Beat Agents;Nintendo Ds
The World Ends With You;Nintendo Ds
New Super Mario Bros;Nintendo Ds
Castlevania Dawn Of Sorrow;Nintendo Ds
Professor Layton And The Curious Village;Nintendo Ds
Professor Layton And The Diabolical/Pandora's Box;Nintendo Ds
Professor Layton And The Unwound/Lost Future;Nintendo Ds
Professor Layton And The Last Specter/Spectre's Call;Nintendo Ds
Mario And Luigi Partners In Time;Nintendo Ds
Mario Kart Ds;Nintendo Ds
Chrono Trigger;Nintendo Ds
The Legend Of Zelda Phantom Hourglass;Nintendo Ds
Advance Wars Days Of Ruin;Nintendo Ds
Ghost Trick Phanton Detective;Nintendo Ds
Waio Ware;Nintendo Ds
Final Fantasy Tactics A2;Nintendo Ds
Apollo Justice: Ace Attorney;Nintendo Ds
Advance Wars 4: Days Of Ruin ;Nintendo Ds
Dragon Quest 5: Hand Of The Heavenly Bride;Nintendo Ds
Dragon Quest 4: Chapters Of The Chosen;
Jet Set Radio;Sega Dreamcast
Ikaruga;Sega Dreamcast
Rez;Sega Dreamcast
Crazy Taxy 1;Sega Dreamcast
Crazy Taxy 2;Sega Dreamcast
Resident Evil Code Veronica X;Sega Dreamcast
Sonic Adventure;Sega Dreamcast
Sonic Adventure 2;Sega Dreamcast
Skies Of Arcadia;Sega Dreamcast
Shenmue;Sega Dreamcast
Shenmue 2;Sega Dreamcast
Jet Grind Radio;Sega Dreamcast
Project Justice;Sega Dreamcast
Phantasy Star Online;Sega Dreamcast
Alien Hominid;Playstation 2
Black;Playstation 2
Odin Sphere;Playstation 2
Jak And Daxter;Playstation 2
Ratchet And Clank;Playstation 2
Psychonauts;Playstation 2
Beyond Good And Evil;Playstation 2
Katamari Damacy;Playstation 2
Shin Megami Tensei Persona 4;Playstation 2
Metal Gear Solid 2;Playstation 2
Metal Gear Solid 3;Playstation 2
Final Fantasy X;Playstation 2
Ico;Playstation 2
Okami;Playstation 2
Kingdom Hearts;Playstation 2
Kingdom Hearts 3;Playstation 2
Blood Will Tell;Playstation 2
Onimusha;Playstation 2
Final Fantasy Xii;Playstation 2
Klonoa 2;Playstation 2
Dragon Quest 8;Playstation 2
Tekken 5;Playstation 2
Dark Cloud;Playstation 2
Dark Cloud 2;Playstation 2
Baldurs Gate Dark Alliance;Playstation 2
Baldurs Gate Dark Alliance 2;Playstation 2
Shadow Hearts;Playstation 2
Shadow Hearts 2;Playstation 2
Shadow Hearts 3;Playstation 2
Devil May Cry 2;Playstation 2
Devil May Cry 3;Playstation 2
Sly Cooper;Playstation 2
Red Dead Revolver;Playstation 2
Haunting Ground;Playstation 2
Disaster Report;Playstation 2
Zone Of The Enders;Playstation 2
Zone Of The Enders 2;Playstation 2
Killer Seven;Playstation 2
Crinsom Sea 2;Playstation 2
The Red Star;Playstation 2
Contra Shattered Soldier;Playstation 2
God Hand;Playstation 2
Space Channel Five;Playstation 2
Valkyrie Profile 2;Playstation 2
Shin Megami Tensei Persona 3;Playstation 2
La Pucelle Tatics;Playstation 2
Grim Grimoire;Playstation 2
Mister Mosquito;Playstation 2
Michigan Report From Hell;Playstation 2
Champions Return To Arms;Playstation 2
Champions Of Norrath;Playstation 2
Shadow Of Memories;Playstation 2
Life Line;Playstation 2
Spy Fiction;Playstation 2
Fatal Frame;Playstation 2
Fatal Frame 2;Playstation 2
Fatal Frame 3;Playstation 2
Siren;Playstation 2
Dynasty Warriors 3;Playstation 2
Dynasty Warriors 4;Playstation 2
Dynasty Warriors 5;Playstation 2
Samurai Warriors;Playstation 2
Samurai Warriors 2;Playstation 2
Warriors Orochi;Playstation 2
Warriors Orochi 2;Playstation 2
Jet Set Radio Future;Xbox
Conker Live And Reloaded;Xbox
Phantasy Star Online: Episodes I & Ii;Xbox
Pahntom Dust;Xbox
Fable;Xbox
Panzer Dragon Orta;Xbox
Halo;Xbox
Ninja Gaiden Black;Xbox
Zero Escape Virtues Last Reward;Nintendo 3ds
Pokemon Ultra Sun And Moon;Nintendo 3ds
Super Mario 3d Land;Nintendo 3ds
Pushmo;Nintendo 3ds
Crashmo;Nintendo 3ds
Box Boy;Nintendo 3ds
Metroid Samus Returns;Nintendo 3ds
Zelda Majoras Mask;Nintendo 3ds
Bravely Default 2;Nintendo 3ds
Bye Bye Box Boy;Nintendo 3ds
Stretchmo;Nintendo 3ds
Rhythm Heaven Megamix;Nintendo 3ds
Professor Layton And The Miracle Mask;Nintendo 3ds
Professor Layton Vs. Phoenix Wright: Ace Attorney;Nintendo 3ds
Professor Layton And The Azran Legacy;Nintendo 3ds
Layton's Mystery Journey: Katrielle And The Millionaires' Conspiracy;Nintendo 3ds
Etrian Odyssey Untold: The Millennium Girl;Nintendo 3ds
Etrian Odyssey 2 Untold: The Fafnir Knight;Nintendo 3ds
Starfox 64;Nintendo 3ds
Zero Escape: Zero Time Dilemma;Nintendo 3ds
Box Box Boy!;Nintendo 3ds
Kid Icarus Uprising;Nintendo 3ds
Monster Hunter 4;Nintendo 3ds
Monster Hunter Generations;Nintendo 3ds
New Super Mario Bros. 2;Nintendo 3ds
Castlevania Mirror Of Fate;Nintendo 3ds
Phoenix Wright: Ace Attorney - Dual Destinies;Nintendo 3ds
Professor Layton Vs. Phoenix Wright: Ace Attorney;Nintendo 3ds
The Legend Of Zelda: Four Swords Adventures;Nintendo Gamecube
Luigi’S Mansion;Nintendo Gamecube
Metroid Prime Trilogy;Nintendo Gamecube
Star Fox Adventures;Nintendo Gamecube
Eternal Darkness: Sanity’S Requiem;Nintendo Gamecube
Super Smash Bros. Melee;Nintendo Gamecube
Donkey Konga;Nintendo Gamecube
Super Mario Sunshine;Nintendo Gamecube
Donkey Kong Jungle Beat;Nintendo Gamecube
Mario Kart Double Dash;Nintendo Gamecube
Fzero Gx;Nintendo Gamecube
The Legend Of Zelda: The Wind Waker;Nintendo Gamecube
The Legend Of Zelda: Twilight Princess;Nintendo Gamecube
Paper Mario: The Thousand-Year Door;Nintendo Gamecube
Animal Crossing;Nintendo Gamecube
Battalion Wars;Nintendo Gamecube
Pikmin;Nintendo Gamecube
Pikmin 2;Nintendo Gamecube
Phantasy Star Online Episode I & Ii;Nintendo Gamecube
Final Fantasy Crystal Chronicles;Nintendo Gamecube
Chibi Robo;Nintendo Gamecube
Baten Kaitos: Eternal Wings And The Lost Ocean;Nintendo Gamecube
Skies Of Arcadia Legends;Nintendo Gamecube
Metal Gear Solid: The Twin Snakes;Nintendo Gamecube
P.N.03;Nintendo Gamecube
Wario World;Nintendo Gamecube
Battalion Wars 2;Nintendo Gamecube
Super Mario Galaxy;Nintendo Wii
Super Mario Galaxy 2;Nintendo Wii
The Legend Of Zelda: Skyward Sword;Nintendo Wii
Xenoblade Chronicles;Nintendo Wii
Zack & Wiki: Quest For Barbaros' Treasure;Nintendo Wii
Little King's Story;Nintendo Wii
Sin & Punishment: Star Successor;Nintendo Wii
Lostwinds: Winter Of The Melodias;Nintendo Wii
Boom Blox Bash Party;Nintendo Wii
Punch-Out!;Nintendo Wii
Tatsunoko Vs. Capcom: Ultimate All-Stars;Nintendo Wii
Super Paper Mario;Nintendo Wii
Boom Blox;Nintendo Wii
Monster Hunter Tri;Nintendo Wii
No More Heroes;Nintendo Wii
No More Heroes 2: Desperate Struggle;Nintendo Wii
Warioware: Smooth Moves;Nintendo Wii
Rhythm Heaven Fever;Nintendo Wii
Trauma Team;Nintendo Wii
Mario Kart Wii;Nintendo Wii
De Blob;Nintendo Wii
De Blob 2;Nintendo Wii
Megaman 9;Nintendo Wii
Megaman 10;Nintendo Wii
Goldeneye 007;Nintendo Wii
Lostwinds;Nintendo Wii
Muramasa: The Demon Blade;Nintendo Wii
Red Steel ;Nintendo Wii
Red Steel 2;Nintendo Wii
A Boy And His Blob;Nintendo Wii
Trauma Center: Second Opinion;Nintendo Wii
Project Zero 2: Wii Edition;Nintendo Wii
Pandora Tower;Nintendo Wii
Mad World;Nintendo Wii
Disney Guilty Party;Nintendo Wii
House Of The Dead: Overkill;Nintendo Wii
House Of The Dead Trilogy;Nintendo Wii
Super Smash Bros. Brawl;Nintendo Wii
Donkey Kong Country Returns;Nintendo Wii
New Super Mario Bros. Wii;Nintendo Wii
Super Paper Mario;Nintendo Wii
The Last Story;Nintendo Wii
Disney Epic Mickey;Nintendo Wii
Sonic Colors;Nintendo Wii
Deadly Creatures;Nintendo Wii
Marble Saga: Kororinpa;Nintendo Wii
Final Fantasy Crystal Chronicles: My Life As A King;Nintendo Wii
Castlevania: The Adventure Rebirth;Nintendo Wii
Klonoa;Nintendo Wii
Fragile Dreams: Farewell Ruins Of The Moon;Nintendo Wii
Kirby’S Dream Collection;Nintendo Wii
Wario Land: The Shake Dimension;Nintendo Wii
Metroid: Other M;Nintendo Wii
Samurai Warriors 3;Nintendo Wii
Tokyo Jungle;Playstation 3
Yakuza 3;Playstation 3
Yakuza 4;Playstation 3
Yakuza 5;Playstation 3
Metal Gear Solid 4: Guns Of The Patriots;Playstation 3
Red Dead Redemption;Playstation 3
Ni No Kuni;Playstation 3
3d Dot Game Heroes;Playstation 3
Uncharted 3;Playstation 3
Hatsune Miku Project Diva F;Playstation 3
Hatsune Miku Project Diva F2;Playstation 3
Shin Megami Tensei Persona 5;Playstation 3
God Of War 3;Playstation 3
God Of War Collection;Playstation 3
Ninja Gaiden Sigma;Playstation 3
Infamous;Playstation 3
Infamous 2;Playstation 3
Little Big Planet;Playstation 3
Beyond Two Souls;Playstation 3
Motorstorm Apocalypse;Playstation 3
Dragon's Crown;Playstation 3
God Of War Ascension ;Playstation 3
Lollipop Chainsaw;Playstation 3
Resonance Of Fate;Playstation 3
Shadows Of The Damned;Playstation 3
Valkyria Chronicles;Playstation 3
Vanquish;Playstation 3
Bayonetta;Playstation 3
Binary Domain;Playstation 3
Dynasty Warriors Gundam;Playstation 3
Dynasty Warriors Gundam 2;Playstation 3
Dynasty Warriors Gundam 3;Playstation 3
Puppeteer;Playstation 3
Castlevania Lord Of Shadow;Playstation 3
Castlevania Lord Of Shadow 2;Playstation 3
Castlevania Harmony Of Dissonance;Playstation 3
Enslaved: Odyssey To The West;Playstation 3
The Unfinished Swan;Playstation 3
Asuras Wrath;Playstation 3
Fist Of The North Star: Ken's Rage;Playstation 3
Fist Of The North Star: Ken's Rage 2;Playstation 3
God Of War: Origins Collection.;Playstation 3
Hyperdymension Neptunia;Playstation 3
Katamari Forever;Playstation 3
Noby Noby Boy;Playstation 3
Kingdom Hearts Hd 1.5 Remix;Playstation 3
Kingdom Hearts Hd 2.5 Remix;Playstation 3
Metal Gear Rising: Revengeance;Playstation 3
Ninja Gaiden Sigma 2;Playstation 3
No More Heroes: Heroes' Paradise;Playstation 3
Odin Sphere Leifthrasir;Playstation 3
Siren: Blood Curse;Playstation 3
Tekken 5;Playstation 3
Tekken 6;Playstation 3
Sous Calibur 4;Playstation 3
Sous Calibur 5;Playstation 3
Yakuza: Dead Souls;Playstation 3
Sound Shapes;Playstation 3
Dante’S Inferno;Playstation 3
Warriors Orochi 3: Ultimate;Playstation 3
Samurai Warriors 4;Playstation 3
Shin Megami Tensei Persona 4;Playstation Vita
Tearaway;Playstation Vita
Lumines;Playstation Vita
Gravity Rush;Playstation Vita
Soul Sacrifice Delta;Playstation Vita
Severed;Playstation Vita
Uncharted Golden Abyss;Playstation Vita
Danganronpa: Trigger Happy Havoc;Playstation Vita
Danganronpa V3: Killing Harmony;Playstation Vita
Shiren The Wanderer: The Tower Of Fortune And The Dice Of Fate;Playstation Vita
Muramasa Rebirth;Playstation Vita
Oreshika: Tainted Bloodlines;Playstation Vita
La-Mulana Ex;Playstation Vita
Persona 3: Dancing;Playstation Vita
Persona 4: Dancing All Night;Playstation Vita
Persona 5: Dancing;Playstation Vita
Dokuro;Playstation Vita
Disgaea 3;Playstation Vita
Disgaea 4;Playstation Vita
Touch My Katamari;Playstation Vita
Danganronpa Another Episode: Ultra Despair Girls;Playstation Vita
Gears Of War;Xbox 360
Gears Of War 2;Xbox 360
Gears Of War 3;Xbox 360
Forza 3;Xbox 360
Forza 4;Xbox 360
Forza Horizon;Xbox 360
Project Gotham Racing 3;Xbox 360
Dead Rising;Xbox 360
Fable2;Xbox 360
Blue Dragon;Xbox 360
Kameo;Xbox 360
Lost Odyssey;Xbox 360
Infinite Undiscovery ;Xbox 360
Ninety Nine Nights;Xbox 360
Ninety Nine Nights 2;Xbox 360
Super Mario 3d World;Nintendo Wii U
The Legend Of Zelda: Breath Of The Wild;Nintendo Wii U
Super Smash Bros. For Wii U;Nintendo Wii U
Bayonetta 2;Nintendo Wii U
Xenoblade Chronicles X;Nintendo Wii U
New Super Mario Bros. U;Nintendo Wii U
Donkey Kong Country: Tropical Freeze;Nintendo Wii U
Runbow;Nintendo Wii U
Captain Toad: Treasure Tracker;Nintendo Wii U
Tokyo Mirage Sessions #Fe;Nintendo Wii U
Pushmo World;Nintendo Wii U
Yoshi's Woolly World;Nintendo Wii U
The Wonderful 101;Nintendo Wii U
Zombiu;Nintendo Wii U
New Super Luigi U;Nintendo Wii U
Pokken Tournament;Nintendo Wii U
Hyrule Warriors;Nintendo Wii U
Paper Mario: Color Splash;Nintendo Wii U
Affordable Space Adventures;Nintendo Wii U
Pikmin 3;Nintendo Wii U
Game And Wario;Nintendo Wii U
Fatal Frame: Maiden Of Black Water;Nintendo Wii U
Knack;Playstation 4
Fist Of The North Star: Lost Paradise;Playstation 4
Yakuza Kiwami;Playstation 4
Yakuza Kiwami 2;Playstation 4
Yakuza 6;Playstation 4
Infamous Second Son;Playstation 4
Drive Club;Playstation 4
Ratchet & Clank;Playstation 4
The Last Guardian;Playstation 4
Gravity Rush 2;Playstation 4
Persona 5;Playstation 4
Uncharted 4;Playstation 4
Uncharted: The Lost Legacy;Playstation 4
Until Dawn;Playstation 4
Shadow Of The Colossus Remastered;Playstation 4
Bloodborne;Playstation 4
Spiderman;Playstation 4
God Of War;Playstation 4
Red Dead Redemption 2;Playstation 4
Infamous: First Light;Playstation 4
Resogun;Playstation 4
Last Of Us Remastered;Playstation 4
Yakuza 0;Playstation 4
Kingdom Hearts 3;Playstation 4
Detroit: Become Human;Playstation 4
Bound;Playstation 4
Wipeout Omega Collection;Playstation 4
Castlevania Requiem;Playstation 4
Disgaea 5;Playstation 4
Dragon Quest Builders;Nintendo Switch
Diablo 3;Nintendo Switch
Super Mario Odyssey;Nintendo Switch
Yoshi’S Crafted World;Nintendo Switch
Golf Story;Nintendo Switch
Mario Tennis Aces;Nintendo Switch
Mario + Rabbids Kingdom Battle;Nintendo Switch
Octopath Traveler;Nintendo Switch
Steamworld Quest: Hand Of Gilgamech;Nintendo Switch
Xenoblade Chronicles 2;Nintendo Switch
Kirby Star Allies;Nintendo Switch
Castlevania Anniversary Collection;Nintendo Switch
Cytus Alpha;Nintendo Switch
Pokemon: Let’S Go Pikachu And Eevee;Nintendo Switch
New Super Mario Bros. U Deluxe;Nintendo Switch
Disgaea Remastered;Nintendo Switch
Bioshock 2;Pc
Bioshock 3 Infinite;Pc
Dark Souls 2;Pc
Dark Souls 3;Pc
Sekiro;Pc
Fallout New Vegas;Pc
Fallout 4;Pc
Skyrym;Pc
Mass Effect 2;Pc
Mass Effect 3;Pc
Mass Effect Andromeda;Pc
Deus Ex;Pc
Far Cry 3;Pc
Far Cry 4;Pc
Far Cry 5;Pc
Castle Crashers ;Pc
Battleblock Theater;Pc
Pit People;Pc
Spec Ops: The Line ;Pc
Binary Domain;Pc
Mark Of The Ninja;Pc
Shantae: Risky's Revenge;Pc
Shantae And The Pirate's Curse ;Pc
Shantae: Half-Genie Hero;Pc
Assassins Creed 2;Pc
Assassins Creed 3;Pc
Assassins Creed 4 Black Flag;Pc
Sleeping Dogs;Pc
Sonic Generations;Pc
Sonic And Sega All-Stars Racing Transformed;Pc
Toukiden Kiwami;Pc
Toukiden Kiwami 2;Pc
Bladestorm Nightmare;Pc
Sine Mora;Pc
Assassin’S Creed Brotherhood;Pc
South Park: The Stick Of Truth;Pc
Shadow Complex;Pc
Catherine;Pc
Steam World Dig 2;Pc
Resident Evil: Revelations;Pc
Nioh;Pc
Rez Infinite;Pc
Ni No Kuni 2;Pc
Nier Automata;Pc
God Eater;Pc
Invisible, Inc;Pc
God Eater 2;Pc
Republique ;Pc
Tooth And Tail;Pc
The Witcher 2;Pc
The Witcher 3;Pc
Divinity Original Sin;Pc
Divinity Original Sin 2;Pc
Celeste;Pc
Flower;Pc
Diablo;Pc
Diablo 2 ;Pc
Monster Junter World;Pc
The Witness;Pc
Night In The Woods;Pc
Okami;Pc
Sonic Mania;Pc
Borderlands;Pc
Borderlands 2;Pc
Frost Punk;Pc
Fell Seal Arbiter Mask;Pc
The Messenger;Pc
Swords Of Ditto;Pc
Odallus;Pc
The Cat Lady;Pc
Bomb Chicken;Pc
West Of Loathing;Pc
Into The Breach;Pc
Hollow Knight;Pc
Dead Cells;Pc
Oxenfree;Pc
Thumper;Pc
Battle Chef Brigade;Pc
Senran Kagura;Pc
Yoku’S Island Express;Pc
Ace Of Seafood;Pc
Arcanum Macicka Obscura;Pc
Baldurs Gate Enhanced;Pc
Banner Saga;Pc
Battle Princess Madelyn;Pc
Below;Pc
Blackwell Legacy;Pc
Bloodlust Shadow Hunter;Pc
Bloodstained;Pc
Book Of Demons;Pc
Chuchel;Pc
Cosmic Star Heroine;Pc
Crosscode;Pc
Demons Tilt;Pc
Detention;Pc
Disonored 2;Pc
Donut County;Pc
Dragon Ball Fighters Z;Pc
Everything;Pc
Exapunks;Pc
Forgotton Anne;Pc
Framed;Pc
Ghost Of A Tale;Pc
Gone Home;Pc
Stardew Valley;Pc
Graveyard Keeper;Pc
Headlander;Pc
Hyper Light Drifter;Pc
Hipnospacve Outlaw;Pc
Iconoclasts;Pc
Katana Zero;Pc
Kynseed;Pc
Lisa;Pc
Little Big Adventure;Pc
Loot Rascals;Pc
Magic Circle;Pc
Mega Man 11;Pc
Metronomicon;Pc
Mid Boss;Pc
Minit;Pc
Neo Aquarium;Pc
Observer;Pc
Owlboy ;Pc
Pato Box;Pc
Planescape Torment;Pc
Quadrilateral Cowboy;Pc
Rain World;Pc
Redo;Pc
Return Of The Obra Dinn;Pc
Risk Of Rain;Pc
Rival Megagun;Pc
Shenmue Collection ;Pc
Signal From Tolva;Pc
Subnautica;Pc
Sunset Overdrive;Pc
Super Hidorah;Pc
Super Time Force Ultra;Pc
Super Hot;Pc
Tamashii;Pc
Tangledeep;Pc
Time Spinner;Pc
Trials;Pc
Unavowed;Pc
Underail;Pc
Va11halla;Pc
Vampire Masquerade Redemption;Pc
Vampire Masquerade Bloodlines;Pc
Wandersong;Pc
Songbringer;Pc
Wargroove;Pc
Wolf Among Us;Pc
Wonder Boy Dragon Trap;Pc
World To The West ;Pc
Zero Ranger;Pc
Mother Russia Bleeds;Pc
Dynasty Warriors 7: Xtreme Legends Definitive Edition;Pc
Dynasty Warriors 8: Xtreme Legends Complete Edition;Pc
Dynasty Warriors 9;Pc
Warriors All-Stars;Pc
Warriors Orochi 4 ;Pc
Samurai Warriors: Spirit Of Sanada;Pc
Samurai Warriors 4-2;Pc
